City_ID,City,Lat,Lng,Max Temp,Humidity,Cloudiness,Wind Speed,Country,Current Description,Date
0,Kapaa,22.0752,-159.319,73.72,77,100,4.61,US,overcast clouds,2022-02-12 07:21:44
1,Hobyo,5.3505,48.5268,80.76,53,97,17.92,SO,overcast clouds,2022-02-12 07:21:45
2,Kodiak,57.79,-152.4072,38.71,75,0,3.44,US,clear sky,2022-02-12 07:21:46
3,Ushuaia,-54.8,-68.3,51.46,62,40,51.79,AR,scattered clouds,2022-02-12 07:21:46
4,Bredasdorp,-34.5322,20.0403,75.27,68,88,12.66,ZA,overcast clouds,2022-02-12 07:21:47
5,Hilo,19.7297,-155.09,69.12,90,0,1.99,US,clear sky,2022-02-12 07:21:47
6,Albany,42.6001,-73.9662,50.81,66,100,6.11,US,overcast clouds,2022-02-12 07:19:02
7,Hasaki,35.7333,140.8333,50.29,50,100,6.87,JP,overcast clouds,2022-02-12 07:21:48
8,Lebu,-37.6167,-73.65,56.21,68,0,11.27,CL,clear sky,2022-02-12 07:21:48
9,Vilyuysk,63.7553,121.6247,-8.75,98,100,1.74,RU,overcast clouds,2022-02-12 07:21:49
10,Arraial Do Cabo,-22.9661,-42.0278,73.31,85,99,5.17,BR,overcast clouds,2022-02-12 07:21:49
11,Jalu,29.0331,21.5482,52.59,51,0,7.05,LY,clear sky,2022-02-12 07:21:50
12,Turukhansk,65.8167,87.9833,-0.38,77,0,4.05,RU,clear sky,2022-02-12 07:21:50
13,Leningradskiy,69.3833,178.4167,-19.98,98,97,4.94,RU,overcast clouds,2022-02-12 07:21:51
14,Carnarvon,-24.8667,113.6333,91.47,58,17,18.41,AU,few clouds,2022-02-12 07:21:51
15,Ribeira Grande,38.5167,-28.7,61.2,67,20,10.36,PT,few clouds,2022-02-12 07:21:52
16,Busselton,-33.65,115.3333,76.08,46,6,9.91,AU,clear sky,2022-02-12 07:21:52
17,Punta Arenas,-53.15,-70.9167,55.51,62,75,40.29,CL,broken clouds,2022-02-12 07:21:52
18,Forestville,38.8451,-76.875,56.26,45,0,16.11,US,clear sky,2022-02-12 07:21:53
19,Portalegre,39.2938,-7.4312,43.5,82,100,0.98,PT,overcast clouds,2022-02-12 07:21:53
20,Tougue,11.4667,-11.6,59.4,21,8,2.98,GN,clear sky,2022-02-12 07:21:54
21,Dinguiraye,11.3,-10.7167,63.41,19,24,3.44,GN,few clouds,2022-02-12 07:21:54
22,Hithadhoo,-0.6,73.0833,81.27,69,40,5.28,MV,scattered clouds,2022-02-12 07:21:15
23,Asau,46.4333,26.4,36.75,77,100,3.69,RO,overcast clouds,2022-02-12 07:21:55
24,Kaitangata,-46.2817,169.8464,54.93,69,66,11.16,NZ,broken clouds,2022-02-12 07:21:55
25,Coihaique,-45.5752,-72.0662,50.61,81,28,3.44,CL,scattered clouds,2022-02-12 07:21:56
26,Qaanaaq,77.484,-69.3632,-22.61,51,0,7.94,GL,clear sky,2022-02-12 07:21:56
27,Trat,12.5,102.5,89.26,52,66,6.38,TH,broken clouds,2022-02-12 07:21:57
28,Aklavik,68.2191,-135.0107,-21.17,98,15,9.4,CA,few clouds,2022-02-12 07:21:57
29,Thayetmyo,19.3167,95.1833,93.13,11,59,5.35,MM,broken clouds,2022-02-12 07:21:57
30,East London,-33.0153,27.9116,77.94,78,40,5.75,ZA,scattered clouds,2022-02-12 07:21:58
31,Rio Grande,-32.035,-52.0986,73.94,86,87,13.06,BR,overcast clouds,2022-02-12 07:21:58
32,Cairns,-16.9167,145.7667,88.07,54,4,12.66,AU,clear sky,2022-02-12 07:21:59
33,Isangel,-19.55,169.2667,81.25,83,99,9.71,VU,overcast clouds,2022-02-12 07:21:59
34,Castro,-24.7911,-50.0119,55.89,99,59,4.43,BR,broken clouds,2022-02-12 07:22:00
35,San Patricio,28.017,-97.5169,62.89,94,0,7.72,US,clear sky,2022-02-12 07:22:00
36,Maykor,59.0059,55.88,14.79,93,100,5.1,RU,overcast clouds,2022-02-12 07:22:01
37,Cuilco,15.4,-91.9667,60.15,82,0,4.21,GT,clear sky,2022-02-12 07:18:12
38,Upernavik,72.7868,-56.1549,-8.07,98,100,13.69,GL,light snow,2022-02-12 07:18:08
39,Hermanus,-34.4187,19.2345,75.79,68,100,8.72,ZA,overcast clouds,2022-02-12 07:22:01
40,Placido De Castro,-10.3353,-67.1856,72.72,98,100,2.75,BR,moderate rain,2022-02-12 07:22:02
41,Nanortalik,60.1432,-45.2371,29.43,75,100,14.12,GL,overcast clouds,2022-02-12 07:22:02
42,Lavrentiya,65.5833,-171.0,-24.63,93,29,7.72,RU,scattered clouds,2022-02-12 07:22:03
43,Nagaur,27.2,73.7333,73.78,18,0,3.87,IN,clear sky,2022-02-12 07:22:03
44,Alofi,-19.0595,-169.9187,78.69,83,25,9.22,NU,scattered clouds,2022-02-12 07:22:04
45,Pathein,16.7833,94.7333,87.71,26,40,17.02,MM,scattered clouds,2022-02-12 07:23:04
46,Mataura,-46.1927,168.8643,55.47,58,67,7.14,NZ,broken clouds,2022-02-12 07:23:05
47,Port Hardy,50.6996,-127.4199,40.75,100,0,2.3,CA,mist,2022-02-12 07:23:05
48,Rikitea,-23.1203,-134.9692,79.27,73,6,18.3,PF,light rain,2022-02-12 07:23:05
49,Tasiilaq,65.6145,-37.6368,8.76,60,74,6.06,GL,broken clouds,2022-02-12 07:23:06
50,Camacha,33.0833,-16.3333,60.22,82,40,14.97,PT,scattered clouds,2022-02-12 07:23:06
51,Avera,33.194,-82.5271,54.72,67,44,6.35,US,scattered clouds,2022-02-12 07:23:07
52,Butaritari,3.0707,172.7902,82.74,73,98,15.7,KI,overcast clouds,2022-02-12 07:23:07
53,Souillac,-20.5167,57.5167,84.36,78,40,13.8,MU,scattered clouds,2022-02-12 07:23:08
54,Pontianak,-0.0333,109.3333,87.78,66,75,6.91,ID,broken clouds,2022-02-12 07:23:08
55,Linqing,36.8456,115.7117,52.23,31,100,5.68,CN,overcast clouds,2022-02-12 07:23:09
56,Touros,-5.1989,-35.4608,77.9,83,100,7.52,BR,overcast clouds,2022-02-12 07:23:09
57,Cidreira,-30.1811,-50.2056,73.33,84,0,16.93,BR,clear sky,2022-02-12 07:23:09
58,Mehamn,71.0357,27.8492,24.17,72,100,5.5,NO,light snow,2022-02-12 07:23:10
59,Thompson,55.7435,-97.8558,-20.04,76,75,4.61,CA,broken clouds,2022-02-12 07:23:10
60,Severo-Kurilsk,50.6789,156.125,22.95,77,65,7.4,RU,broken clouds,2022-02-12 07:23:11
61,Sola,-13.8833,167.55,78.58,84,100,16.6,VU,moderate rain,2022-02-12 07:23:12
62,Torbay,47.6666,-52.7314,33.58,90,40,18.41,CA,scattered clouds,2022-02-12 07:23:12
63,Batemans Bay,-35.7167,150.1833,71.2,89,96,8.57,AU,overcast clouds,2022-02-12 07:23:12
64,Atuona,-9.8,-139.0333,77.67,77,10,14.03,PF,light rain,2022-02-12 07:23:13
65,Boende,-0.2167,20.8667,85.35,53,100,3.8,CD,overcast clouds,2022-02-12 07:23:13
66,Saint George,37.1041,-113.5841,59.59,26,0,18.41,US,clear sky,2022-02-12 07:19:26
67,Ngunguru,-35.6167,174.5,77.16,90,94,25.39,NZ,overcast clouds,2022-02-12 07:23:14
68,Nemuro,43.3236,145.575,27.03,70,100,2.48,JP,overcast clouds,2022-02-12 07:23:14
69,Bojnurd,37.4747,57.329,39.15,87,100,2.3,IR,overcast clouds,2022-02-12 07:23:15
70,Puerto Ayora,-0.7393,-90.3518,71.55,99,100,1.99,EC,overcast clouds,2022-02-12 07:23:15
71,San Cristobal,7.7669,-72.225,64.81,86,100,0.89,VE,overcast clouds,2022-02-12 07:23:16
72,Aktau,43.65,51.2,45.18,80,100,8.84,KZ,overcast clouds,2022-02-12 07:23:16
73,Cherskiy,68.75,161.3,-28.71,98,100,7.43,RU,overcast clouds,2022-02-12 07:23:17
74,Yellowknife,62.456,-114.3525,-17.88,83,20,2.3,CA,few clouds,2022-02-12 07:23:17
75,Victoria,22.2855,114.1577,75.96,79,32,8.01,HK,scattered clouds,2022-02-12 07:22:37
76,New Norfolk,-42.7826,147.0587,69.89,42,97,1.01,AU,overcast clouds,2022-02-12 07:23:17
77,Longyearbyen,78.2186,15.6401,19.24,86,75,9.22,SJ,light snow,2022-02-12 07:23:18
78,Lata,40.1629,-8.3327,50.92,95,44,1.07,PT,scattered clouds,2022-02-12 07:23:18
79,Banjar,-8.19,114.9675,85.91,85,100,4.63,ID,light rain,2022-02-12 07:23:19
80,Vaini,-21.2,-175.2,80.76,94,20,6.91,TO,few clouds,2022-02-12 07:23:19
81,Moss Point,30.4116,-88.5345,48.25,93,100,0.0,US,fog,2022-02-12 07:23:19
82,Vila Velha,-20.3297,-40.2925,73.35,97,0,2.3,BR,light rain,2022-02-12 07:21:59
83,Tiksi,71.6872,128.8694,-9.81,92,100,16.93,RU,overcast clouds,2022-02-12 07:23:20
84,Macau,22.2006,113.5461,73.85,77,20,9.22,MO,few clouds,2022-02-12 07:18:48
85,Leshukonskoye,64.8989,45.7622,19.81,96,99,5.84,RU,light snow,2022-02-12 07:23:21
86,Auki,-8.7676,160.7034,77.34,88,100,2.55,SB,heavy intensity rain,2022-02-12 07:23:21
87,Stephenville Crossing,48.5,-58.4318,21.33,93,100,8.05,CA,overcast clouds,2022-02-12 07:23:22
88,Provideniya,64.3833,-173.3,-14.93,86,1,9.13,RU,clear sky,2022-02-12 07:24:22
89,Darlawn,24.0167,92.9,65.8,29,4,3.94,IN,clear sky,2022-02-12 07:24:23
90,Komsomolskiy,40.4272,71.7189,42.15,81,75,4.61,UZ,mist,2022-02-12 07:24:23
91,Cabo San Lucas,22.8909,-109.9124,66.51,74,0,1.99,MX,clear sky,2022-02-12 07:19:44
92,Bangalore,12.9762,77.6033,83.21,37,25,11.5,IN,scattered clouds,2022-02-12 07:22:02
93,Tuktoyaktuk,69.4541,-133.0374,-17.28,96,92,2.53,CA,overcast clouds,2022-02-12 07:24:24
94,Mahebourg,-20.4081,57.7,84.25,78,40,13.8,MU,scattered clouds,2022-02-12 07:24:24
95,Wuwei,37.9281,102.6414,34.36,47,100,8.77,CN,overcast clouds,2022-02-12 07:24:25
96,Larsnes,62.2028,5.5773,39.02,97,100,11.72,NO,light rain,2022-02-12 07:24:26
97,Bluff,-46.6,168.3333,55.8,57,84,17.07,NZ,broken clouds,2022-02-12 07:24:26
98,Nampula,-15.1165,39.2666,76.95,83,75,6.91,MZ,broken clouds,2022-02-12 07:24:26
99,Sembe,1.6481,14.5806,79.27,61,53,2.46,CG,broken clouds,2022-02-12 07:24:27
100,Talnakh,69.4865,88.3972,-7.73,83,100,8.72,RU,overcast clouds,2022-02-12 07:24:27
101,Sur,22.5667,59.5289,75.16,40,0,4.0,OM,clear sky,2022-02-12 07:24:28
102,Luderitz,-26.6481,15.1594,80.35,58,3,0.47,NA,clear sky,2022-02-12 07:24:28
103,Port Alfred,-33.5906,26.891,75.6,79,74,10.58,ZA,broken clouds,2022-02-12 07:24:29
104,Cabra,37.4725,-4.4421,46.9,82,33,4.65,ES,scattered clouds,2022-02-12 07:24:29
105,Kahului,20.8947,-156.47,73.85,78,20,8.05,US,few clouds,2022-02-12 07:21:53
106,Shenjiamen,29.9576,122.298,47.97,91,100,8.34,CN,overcast clouds,2022-02-12 07:24:29
107,Onega,63.9061,38.1404,17.92,94,99,9.91,RU,light snow,2022-02-12 07:24:30
108,Atar,20.5169,-13.0499,62.06,21,98,6.89,MR,overcast clouds,2022-02-12 07:24:31
109,Hualmay,-11.0964,-77.6139,69.51,85,100,6.44,PE,overcast clouds,2022-02-12 07:24:31
110,Clyde River,70.4692,-68.5914,-18.17,69,75,28.77,CA,light snow,2022-02-12 07:24:32
111,Alice Springs,-23.7,133.8833,89.15,18,0,9.22,AU,clear sky,2022-02-12 07:23:18
112,Russell,32.3502,-85.1999,49.71,87,0,0.0,US,clear sky,2022-02-12 07:24:32
113,Sarh,9.1429,18.3923,71.51,37,0,6.91,TD,clear sky,2022-02-12 07:24:33
114,Khatanga,71.9667,102.5,4.12,81,88,12.46,RU,overcast clouds,2022-02-12 07:24:33
115,Camana,-16.6228,-72.7111,70.02,79,33,7.14,PE,scattered clouds,2022-02-12 07:24:34
116,Ilinskiy,55.619,38.1182,32.38,86,40,7.0,RU,scattered clouds,2022-02-12 07:24:34
117,Kununurra,-15.7667,128.7333,94.98,46,19,4.61,AU,few clouds,2022-02-12 07:24:35
118,Cape Town,-33.9258,18.4232,77.88,62,0,8.05,ZA,clear sky,2022-02-12 07:21:56
119,Merauke,-8.4667,140.3333,83.89,72,53,9.8,ID,broken clouds,2022-02-12 07:24:36
120,Lompoc,34.6391,-120.4579,67.57,57,0,12.66,US,clear sky,2022-02-12 07:24:36
121,Orange,33.7,-117.7675,75.47,39,0,0.0,US,clear sky,2022-02-12 07:24:37
122,Umkomaas,-30.2067,30.7978,81.68,74,6,6.26,ZA,clear sky,2022-02-12 07:24:37
123,Barrow,71.2906,-156.7887,-36.38,100,0,4.61,US,mist,2022-02-12 07:24:37
124,Verkhnyaya Inta,65.9811,60.3094,8.24,75,100,11.86,RU,overcast clouds,2022-02-12 07:24:38
125,Vilhena,-12.7406,-60.1458,69.35,99,100,2.68,BR,light rain,2022-02-12 07:24:38
126,Inta,66.0317,60.1659,8.17,77,100,9.78,RU,overcast clouds,2022-02-12 07:24:39
127,Deseronto,44.2001,-77.0494,36.81,98,100,13.06,CA,overcast clouds,2022-02-12 07:24:39
128,Bengkulu,-3.8004,102.2655,82.94,69,100,7.58,ID,overcast clouds,2022-02-12 07:24:40
129,Aizkraukle,56.6048,25.2553,25.9,82,6,8.05,LV,clear sky,2022-02-12 07:24:40
130,Chuy,-33.6971,-53.4616,69.08,94,90,4.38,UY,overcast clouds,2022-02-12 07:24:40
131,Iqaluit,63.7506,-68.5145,-18.31,75,40,5.75,CA,scattered clouds,2022-02-12 07:25:41
132,Saint-Philippe,-21.3585,55.7679,85.12,67,10,8.48,RE,clear sky,2022-02-12 07:25:41
133,Naze,28.3667,129.4833,59.92,91,100,4.61,JP,overcast clouds,2022-02-12 07:25:42
134,Naples,40.8333,14.25,51.78,76,0,4.0,IT,clear sky,2022-02-12 07:25:42
135,Sobolevo,54.4299,31.8996,24.62,92,100,11.14,RU,overcast clouds,2022-02-12 07:25:43
136,Pedernales,18.0384,-71.744,75.65,67,0,5.46,DO,clear sky,2022-02-12 07:25:43
137,Kibre Mengist,5.8833,38.9833,73.96,20,39,5.26,ET,scattered clouds,2022-02-12 07:25:44
138,Puyang,29.4603,119.8861,45.1,92,100,3.53,CN,overcast clouds,2022-02-12 07:25:44
139,Hamilton,39.1834,-84.5333,41.63,84,100,14.97,US,overcast clouds,2022-02-12 07:23:05
140,Lundazi,-12.2929,33.1782,67.59,82,100,3.83,ZM,overcast clouds,2022-02-12 07:25:45
141,Nikolskoye,59.7035,30.7861,26.49,93,17,7.65,RU,few clouds,2022-02-12 07:25:45
142,Phek,25.6667,94.5,57.02,33,6,4.0,IN,clear sky,2022-02-12 07:25:46
143,Darab,28.7519,54.5444,61.72,33,0,5.93,IR,clear sky,2022-02-12 07:25:46
144,Ixtapa,20.7,-105.2,66.22,81,2,2.42,MX,clear sky,2022-02-12 07:25:46
145,Tandur,17.2333,77.5833,82.98,28,67,5.75,IN,broken clouds,2022-02-12 07:25:47
146,Baykit,61.67,96.37,4.96,86,6,1.97,RU,clear sky,2022-02-12 07:25:47
147,Abadan,30.3392,48.3043,60.75,48,40,13.8,IR,scattered clouds,2022-02-12 07:25:48
148,Takhtamygda,54.1,123.5667,1.62,63,99,6.58,RU,overcast clouds,2022-02-12 07:25:48
149,Yar-Sale,66.8333,70.8333,-2.25,82,100,14.76,RU,overcast clouds,2022-02-12 07:25:48
150,Namatanai,-3.6667,152.4333,81.43,78,100,2.21,PG,moderate rain,2022-02-12 07:25:49
151,Faanui,-16.4833,-151.75,81.88,72,99,13.2,PF,overcast clouds,2022-02-12 07:25:49
152,Erzincan,39.75,39.5,24.1,74,0,1.14,TR,clear sky,2022-02-12 07:25:50
153,Sakaiminato,35.55,133.2333,51.78,46,20,9.22,JP,few clouds,2022-02-12 07:25:50
154,Crato,-7.2342,-39.4094,74.91,88,75,2.3,BR,broken clouds,2022-02-12 07:25:50
155,Kruisfontein,-34.0033,24.7314,77.95,38,0,5.82,ZA,clear sky,2022-02-12 07:25:51
156,Sidi Ali,36.0998,0.4206,46.51,88,50,4.21,DZ,scattered clouds,2022-02-12 07:25:51
157,Inuvik,68.3499,-133.7218,-21.14,76,0,6.91,CA,clear sky,2022-02-12 07:25:52
158,Coahuayana,18.7333,-103.6833,67.87,59,61,4.85,MX,broken clouds,2022-02-12 07:25:52
159,Wloclawek,52.6482,19.0678,28.42,78,5,5.86,PL,clear sky,2022-02-12 07:25:53
160,Panama City,8.9936,-79.5197,80.06,82,75,4.61,PA,broken clouds,2022-02-12 07:25:53
161,Bullhead City,35.1478,-114.5683,72.21,19,0,18.41,US,clear sky,2022-02-12 07:25:54
162,Flinders,-34.5833,150.8552,70.88,89,51,5.99,AU,light rain,2022-02-12 07:25:54
163,College,64.8569,-147.8028,1.58,79,40,0.0,US,scattered clouds,2022-02-12 07:25:55
164,Nabire,-3.3667,135.4833,82.94,74,62,4.03,ID,broken clouds,2022-02-12 07:25:55
165,Nyakabindi,-2.6333,33.9833,72.79,63,100,4.81,TZ,overcast clouds,2022-02-12 07:25:55
166,Pierre,44.3683,-100.351,9.86,60,100,1.99,US,overcast clouds,2022-02-12 07:25:56
167,Yagodnoye,62.55,149.6667,-26.45,94,41,3.27,RU,scattered clouds,2022-02-12 07:25:56
168,Pangai,-19.8,-174.35,82.76,73,61,19.19,TO,broken clouds,2022-02-12 07:25:57
169,Hami,42.8,93.45,32.29,60,96,6.82,CN,overcast clouds,2022-02-12 07:25:57
170,Labuan,5.2767,115.2417,86.16,79,20,3.44,MY,few clouds,2022-02-12 07:25:57
171,Hobart,-42.8794,147.3294,70.23,56,60,10.36,AU,broken clouds,2022-02-12 07:24:46
172,Oussouye,12.485,-16.5469,71.69,19,0,9.71,SN,clear sky,2022-02-12 07:25:58
173,Dikson,73.5069,80.5464,2.8,80,99,28.01,RU,overcast clouds,2022-02-12 07:25:59
174,Bethel,41.3712,-73.414,50.11,60,0,6.91,US,clear sky,2022-02-12 07:24:38
175,La Primavera,5.4906,-70.4092,76.75,59,100,5.32,CO,overcast clouds,2022-02-12 07:25:59
176,Bertoua,4.5833,13.6833,71.94,21,9,3.36,CM,clear sky,2022-02-12 07:26:00
177,Saskylakh,71.9167,114.0833,3.34,78,92,14.9,RU,overcast clouds,2022-02-12 07:26:00
178,Ola,59.5833,151.2833,3.15,80,97,2.66,RU,overcast clouds,2022-02-12 07:21:19
179,Ostrovnoy,68.0531,39.5131,16.54,93,97,7.72,RU,overcast clouds,2022-02-12 07:27:01
180,Pochutla,15.7432,-96.4661,70.29,69,51,3.47,MX,broken clouds,2022-02-12 07:27:01
181,Si Racha,13.1737,100.9311,88.32,80,90,6.8,TH,overcast clouds,2022-02-12 07:27:02
182,Acarau,-2.8856,-40.12,77.0,85,83,7.61,BR,broken clouds,2022-02-12 07:27:02
183,Chokurdakh,70.6333,147.9167,-3.08,96,100,13.85,RU,overcast clouds,2022-02-12 07:27:03
184,Tuatapere,-46.1333,167.6833,55.81,63,91,10.74,NZ,overcast clouds,2022-02-12 07:27:03
185,Dunedin,-45.8742,170.5036,54.81,71,100,10.0,NZ,overcast clouds,2022-02-12 07:27:03
186,Ponta Do Sol,32.6667,-17.1,63.23,72,7,6.08,PT,clear sky,2022-02-12 07:27:04
187,Nueva Loja,0.0847,-76.8828,70.61,99,100,2.77,EC,overcast clouds,2022-02-12 07:27:04
188,Robertsport,6.7533,-11.3686,76.69,93,18,8.81,LR,few clouds,2022-02-12 07:27:05
189,Puerto Del Rosario,28.5004,-13.8627,60.55,72,0,8.05,ES,clear sky,2022-02-12 07:27:05
190,Kozhva,65.1073,57.0459,10.49,90,100,11.21,RU,overcast clouds,2022-02-12 07:27:06
191,Zabol,32.25,67.25,47.68,24,0,6.26,AF,clear sky,2022-02-12 07:27:06
192,Tura,25.5198,90.2201,71.76,34,5,4.76,IN,clear sky,2022-02-12 07:27:07
193,Waipawa,-41.4122,175.5153,61.45,98,100,11.56,NZ,light rain,2022-02-12 07:27:07
194,Kaeo,-35.1,173.7833,77.32,96,99,21.14,NZ,overcast clouds,2022-02-12 07:27:07
195,Elliot Lake,46.3834,-82.6331,5.09,81,100,14.47,CA,overcast clouds,2022-02-12 07:27:08
196,Kamenka,51.3223,42.7678,29.75,94,97,4.92,RU,overcast clouds,2022-02-12 07:27:08
197,Labrea,-7.2586,-64.7981,71.31,95,100,2.59,BR,overcast clouds,2022-02-12 07:27:09
198,Rantauprapat,2.1,99.8333,82.71,74,100,2.55,ID,overcast clouds,2022-02-12 07:27:09
199,Tautira,-17.7333,-149.15,77.02,74,100,11.07,PF,overcast clouds,2022-02-12 07:27:10
200,Morro Bay,35.3658,-120.8499,61.12,63,4,1.01,US,clear sky,2022-02-12 07:27:10
201,Husavik,66.0449,-17.3389,17.51,80,98,6.49,IS,overcast clouds,2022-02-12 07:27:10
202,Chenghai,23.4632,116.768,67.91,77,75,4.47,CN,broken clouds,2022-02-12 07:27:11
203,Prince Rupert,54.3161,-130.3201,38.89,86,40,10.36,CA,scattered clouds,2022-02-12 07:27:11
204,Mezen,65.8522,44.24,14.94,97,94,6.26,RU,overcast clouds,2022-02-12 07:27:12
205,Nalut,30.3333,10.85,45.3,55,1,9.24,LY,clear sky,2022-02-12 07:27:12
206,Jurm,36.8648,70.8342,41.97,67,75,1.48,AF,broken clouds,2022-02-12 07:27:12
207,Rosaryville,38.7568,-76.8097,56.55,47,0,16.11,US,clear sky,2022-02-12 07:27:13
208,Corinth,37.9407,22.9573,54.75,72,76,0.72,GR,broken clouds,2022-02-12 07:27:13
209,Mar Del Plata,-38.0023,-57.5575,62.1,74,75,21.0,AR,broken clouds,2022-02-12 07:27:14
210,Lorengau,-2.0226,147.2712,81.88,77,73,2.66,PG,broken clouds,2022-02-12 07:27:14
211,Kaspiyskiy,45.3929,47.3707,42.96,68,17,15.21,RU,few clouds,2022-02-12 07:27:14
212,Eureka,40.8021,-124.1637,51.19,73,0,3.49,US,clear sky,2022-02-12 07:27:15
213,Dudinka,69.4058,86.1778,-10.66,87,40,10.51,RU,scattered clouds,2022-02-12 07:27:16
214,Konin,52.2234,18.2512,31.05,82,6,5.93,PL,clear sky,2022-02-12 07:27:16
215,Avarua,-21.2078,-159.775,77.05,88,80,1.14,CK,broken clouds,2022-02-12 07:27:17
216,Puerto Narino,-3.7703,-70.3831,75.15,94,100,1.7,CO,overcast clouds,2022-02-12 07:27:17
217,Vysokogornyy,50.1167,139.15,19.17,94,100,3.06,RU,light snow,2022-02-12 07:27:18
218,Jacareacanga,-6.2222,-57.7528,71.73,99,95,0.65,BR,overcast clouds,2022-02-12 07:27:18
219,Jacqueville,5.2052,-4.4146,82.31,84,13,4.56,CI,few clouds,2022-02-12 07:27:19
220,Grindavik,63.8424,-22.4338,27.07,68,0,17.27,IS,clear sky,2022-02-12 07:27:19
221,Svetlogorsk,52.6333,29.7333,28.69,95,93,9.22,BY,overcast clouds,2022-02-12 07:27:20
222,Sangar,63.9242,127.4739,-24.63,99,99,0.81,RU,overcast clouds,2022-02-12 07:27:20
223,Liverpool,53.4106,-2.9779,46.67,78,40,10.36,GB,scattered clouds,2022-02-12 07:27:21
224,Katsuura,35.1333,140.3,51.12,55,100,8.19,JP,overcast clouds,2022-02-12 07:27:21
225,Basco,20.4487,121.9702,76.39,73,100,16.37,PH,overcast clouds,2022-02-12 07:28:21
226,Neringa,55.3719,21.0647,35.67,71,1,22.66,LT,clear sky,2022-02-12 07:28:22
227,Sayyan,15.1718,44.3244,63.59,26,0,2.17,YE,clear sky,2022-02-12 07:28:22
228,Mattru,7.6244,-11.8332,73.76,95,67,2.86,SL,broken clouds,2022-02-12 07:28:23
229,Sitka,57.0531,-135.33,44.49,93,100,3.44,US,light rain,2022-02-12 07:24:38
230,Sistranda,63.7256,8.834,37.36,64,100,18.05,NO,light rain,2022-02-12 07:28:23
231,Pacific Grove,36.6177,-121.9166,61.56,74,0,4.61,US,clear sky,2022-02-12 07:28:24
232,Mildura,-34.2,142.15,92.07,25,0,2.3,AU,clear sky,2022-02-12 07:24:07
233,Bambous Virieux,-20.3428,57.7575,84.22,78,40,13.8,MU,scattered clouds,2022-02-12 07:28:24
234,Jacksonville,30.3322,-81.6556,53.98,90,40,0.0,US,scattered clouds,2022-02-12 07:26:30
235,Georgetown,5.4112,100.3354,89.53,69,20,10.36,MY,few clouds,2022-02-12 07:28:25
236,Qaqortoq,60.7167,-46.0333,34.3,80,100,11.25,GL,overcast clouds,2022-02-12 07:28:26
237,Kefalos,36.7453,26.9589,57.42,67,40,2.3,GR,scattered clouds,2022-02-12 07:28:26
238,Cabedelo,-6.9811,-34.8339,77.67,82,64,6.82,BR,broken clouds,2022-02-12 07:28:27
239,Ndjole,-0.1783,10.7649,77.7,90,93,0.72,GA,overcast clouds,2022-02-12 07:28:27
240,Sao Filipe,14.8961,-24.4956,78.62,45,52,16.08,CV,broken clouds,2022-02-12 07:28:28
241,Honningsvag,70.9821,25.9704,29.98,59,98,13.94,NO,light snow,2022-02-12 07:28:28
242,Yatou,37.15,122.3833,42.01,50,92,7.61,CN,overcast clouds,2022-02-12 07:28:29
243,Oranjemund,-28.55,16.4333,71.6,63,100,13.35,NA,overcast clouds,2022-02-12 07:28:29
244,Karratha,-20.7377,116.8463,94.55,48,0,16.69,AU,clear sky,2022-02-12 07:28:29
245,Oga,46.4631,10.347,18.68,29,0,1.81,IT,clear sky,2022-02-12 07:28:30
246,Rafai,4.95,23.9167,80.17,18,97,6.6,CF,overcast clouds,2022-02-12 07:28:30
247,San Quintin,30.4833,-115.95,61.14,58,0,2.71,MX,clear sky,2022-02-12 07:28:31
248,Chute-Aux-Outardes,49.1168,-68.399,39.51,100,100,9.22,CA,snow,2022-02-12 07:28:31
249,Oudtshoorn,-33.5907,22.2014,66.56,39,100,1.88,ZA,overcast clouds,2022-02-12 07:28:31
250,Kieta,-6.2167,155.6333,79.79,83,100,3.4,PG,light rain,2022-02-12 07:28:32
251,Minab,27.1467,57.0801,77.32,41,0,2.3,IR,clear sky,2022-02-12 07:28:32
252,Kungurtug,50.5994,97.5228,-2.45,84,65,1.43,RU,broken clouds,2022-02-12 07:28:33
253,Barceloneta,18.4505,-66.5385,75.09,93,11,9.62,PR,few clouds,2022-02-12 07:28:33
254,Kozova,49.4354,25.1509,37.02,93,100,13.51,UA,overcast clouds,2022-02-12 07:28:33
255,Quatre Cocos,-20.2078,57.7625,84.09,73,100,9.31,MU,overcast clouds,2022-02-12 07:28:34
256,Klaksvik,62.2266,-6.589,43.72,93,100,18.97,FO,overcast clouds,2022-02-12 07:28:34
257,Saint-Pierre,-21.3393,55.4781,85.19,74,0,10.36,RE,clear sky,2022-02-12 07:28:35
258,Lhokseumawe,5.1801,97.1507,84.87,66,100,6.02,ID,overcast clouds,2022-02-12 07:28:35
259,Udaipura,23.0833,78.5,75.83,19,65,2.19,IN,broken clouds,2022-02-12 07:28:36
260,Clovis,36.8252,-119.7029,61.84,74,20,3.44,US,few clouds,2022-02-12 07:28:36
261,Los Llanos De Aridane,28.6585,-17.9182,60.55,66,40,8.05,ES,scattered clouds,2022-02-12 07:28:36
262,Tezu,27.9167,96.1667,70.23,44,91,4.76,IN,overcast clouds,2022-02-12 07:28:37
263,Tshikapa,-6.4167,20.8,75.38,83,100,1.88,CD,overcast clouds,2022-02-12 07:28:37
264,Codrington,-38.2667,141.9667,71.78,58,0,18.34,AU,clear sky,2022-02-12 07:28:38
265,Adrar,20.5022,-10.0711,55.94,27,6,8.7,MR,clear sky,2022-02-12 07:28:38
266,Skibbereen,51.55,-9.2667,49.8,96,100,20.51,IE,overcast clouds,2022-02-12 07:28:38
267,Jackson,42.4165,-122.8345,61.84,68,0,1.99,US,clear sky,2022-02-12 07:24:57
268,Trincomalee,8.5711,81.2335,80.04,79,100,8.93,LK,overcast clouds,2022-02-12 07:24:32
269,Nizhniy Ufaley,55.9153,59.9842,19.67,90,100,6.87,RU,overcast clouds,2022-02-12 07:28:39
270,Vardo,70.3705,31.1107,30.88,60,100,17.47,NO,overcast clouds,2022-02-12 07:28:40
271,Ayacucho,-13.1583,-74.2239,55.35,80,100,1.7,PE,moderate rain,2022-02-12 07:28:40
272,Port Augusta,-32.5,137.7667,95.7,16,0,8.77,AU,clear sky,2022-02-12 07:27:48
273,Half Moon Bay,37.4636,-122.4286,64.65,66,0,5.75,US,clear sky,2022-02-12 07:29:41
274,Buala,-8.145,159.5921,77.5,88,100,7.34,SB,light rain,2022-02-12 07:29:41
275,Macas,-2.3167,-78.1167,68.29,97,100,1.63,EC,overcast clouds,2022-02-12 07:29:41
276,Kovdor,67.5662,30.4758,3.45,97,100,4.09,RU,overcast clouds,2022-02-12 07:29:42
277,Tabas,33.5959,56.9244,60.57,33,84,5.59,IR,broken clouds,2022-02-12 07:29:42
278,Steinbach,50.1667,8.5667,33.48,93,0,6.91,DE,clear sky,2022-02-12 07:29:43
279,Riverton,40.5219,-111.9391,42.3,66,0,9.22,US,clear sky,2022-02-12 07:29:43
280,Tokoroa,-38.2333,175.8667,76.6,67,99,7.0,NZ,overcast clouds,2022-02-12 07:29:44
281,Aranda De Duero,41.6704,-3.6892,41.38,77,100,2.73,ES,overcast clouds,2022-02-12 07:29:44
282,Idritsa,56.3316,28.8988,22.17,95,42,6.58,RU,scattered clouds,2022-02-12 07:29:45
283,Biloela,-24.4167,150.5,90.21,24,4,10.36,AU,clear sky,2022-02-12 07:29:45
284,Chuzhou,32.3219,118.2978,46.49,68,100,7.7,CN,overcast clouds,2022-02-12 07:29:46
285,Miles City,46.4083,-105.8406,23.97,74,0,11.5,US,clear sky,2022-02-12 07:29:26
286,Iquitos,-3.7481,-73.2472,75.24,100,75,2.3,PE,broken clouds,2022-02-12 07:29:46
287,Oranjestad,12.524,-70.027,78.75,78,20,20.71,AW,few clouds,2022-02-12 07:27:06
288,Antofagasta,-23.65,-70.4,63.68,80,9,4.21,CL,clear sky,2022-02-12 07:29:47
289,Fortuna,40.5982,-124.1573,50.92,93,0,5.75,US,clear sky,2022-02-12 07:29:47
290,La Palma,33.8464,-118.0467,76.66,50,0,3.44,US,clear sky,2022-02-12 07:29:48
291,Korla,41.7597,86.1469,34.72,34,17,5.97,CN,few clouds,2022-02-12 07:29:48
292,Roma,43.2128,-75.4557,46.72,95,100,0.0,US,moderate rain,2022-02-12 07:29:49
293,Isla Vista,34.4133,-119.861,72.36,54,0,0.0,US,clear sky,2022-02-12 07:29:49
294,Ust-Tsilma,65.441,52.1498,15.75,93,100,9.37,RU,light snow,2022-02-12 07:29:50
295,Tera,14.0078,0.7531,66.67,13,5,9.24,NE,clear sky,2022-02-12 07:29:50
296,Bud,39.447,-86.1758,33.75,81,7,12.66,US,clear sky,2022-02-12 07:29:51
297,Broome,42.2506,-75.833,47.86,62,100,9.22,US,overcast clouds,2022-02-12 07:29:51
298,Kysyl-Syr,63.8986,122.7617,-10.66,98,100,1.54,RU,overcast clouds,2022-02-12 07:29:51
299,Springbok,-29.6643,17.8865,72.05,41,100,7.96,ZA,overcast clouds,2022-02-12 07:29:52
300,Llanes,43.4198,-4.7549,42.85,80,100,1.83,ES,overcast clouds,2022-02-12 07:29:52
301,Forbes,-33.3833,148.0167,84.92,24,2,13.0,AU,clear sky,2022-02-12 07:29:53
302,Lyubar,49.9204,27.7592,32.0,92,96,12.35,UA,light snow,2022-02-12 07:29:53
303,Praia,14.9215,-23.5087,73.94,60,96,23.02,CV,haze,2022-02-12 07:29:54
304,Olovyannaya,50.95,115.5667,-2.24,85,83,4.61,RU,broken clouds,2022-02-12 07:29:54
305,The Valley,18.217,-63.0578,76.86,67,15,21.54,AI,few clouds,2022-02-12 07:29:55
306,Karlshus,59.352,10.8723,39.29,75,40,16.11,NO,drizzle,2022-02-12 07:29:55
307,Hirara,24.8,125.2833,68.27,94,75,8.05,JP,broken clouds,2022-02-12 07:29:55
308,Chapais,49.7834,-74.8492,6.58,94,100,13.13,CA,snow,2022-02-12 07:29:56
309,Christchurch,-43.5333,172.6333,57.9,93,75,24.16,NZ,light rain,2022-02-12 07:27:56
310,Coburg,50.2667,10.9667,30.78,95,6,1.01,DE,clear sky,2022-02-12 07:29:56
311,Lokoja,7.8024,6.743,75.42,12,95,2.13,NG,overcast clouds,2022-02-12 07:29:57
312,Srednekolymsk,67.45,153.6833,-30.6,97,24,6.67,RU,few clouds,2022-02-12 07:29:57
313,Kushima,31.4583,131.2333,54.91,88,100,9.44,JP,overcast clouds,2022-02-12 07:29:58
314,Ukiah,39.1502,-123.2078,55.65,78,0,0.0,US,clear sky,2022-02-12 07:25:02
315,Kristiansund,63.1115,7.732,37.45,93,100,6.91,NO,overcast clouds,2022-02-12 07:29:59
316,Gizo,-8.103,156.8419,81.59,73,100,2.35,SB,light rain,2022-02-12 07:30:00
317,Ushtobe,45.2514,77.9838,35.01,100,100,21.21,KZ,snow,2022-02-12 07:30:00
318,Tayoltita,24.0833,-105.9333,49.75,48,0,6.29,MX,clear sky,2022-02-12 07:30:01
319,Coquimbo,-29.9533,-71.3436,60.53,88,0,5.75,CL,clear sky,2022-02-12 07:31:02
320,Campbell River,50.0163,-125.2446,36.45,80,50,4.34,CA,scattered clouds,2022-02-12 07:31:02
321,Portland,45.5234,-122.6762,51.78,49,0,3.44,US,clear sky,2022-02-12 07:28:25
322,Bobo Dioulasso,11.1771,-4.2979,66.65,22,6,3.44,BF,clear sky,2022-02-12 07:31:03
323,Ambon,-3.6954,128.1814,87.94,70,40,4.61,ID,scattered clouds,2022-02-12 07:31:03
324,Jamestown,42.097,-79.2353,38.08,66,100,9.22,US,overcast clouds,2022-02-12 07:31:04
325,Nhulunbuy,-12.2333,136.7667,86.61,62,100,9.22,AU,overcast clouds,2022-02-12 07:31:05
326,Hokitika,-42.7167,170.9667,60.85,92,100,4.72,NZ,overcast clouds,2022-02-12 07:31:05
327,Mangai,-4.05,19.5333,79.57,72,100,3.22,CD,overcast clouds,2022-02-12 07:31:05
328,Havoysund,70.9963,24.6622,25.68,63,100,9.73,NO,light snow,2022-02-12 07:31:06
329,Nishihara,26.1842,127.7558,70.88,88,75,18.41,JP,broken clouds,2022-02-12 07:31:06
330,Morgan City,29.6994,-91.2068,48.0,100,0,4.61,US,clear sky,2022-02-12 07:31:07
331,Usinsk,65.9939,57.5281,11.21,91,100,13.65,RU,overcast clouds,2022-02-12 07:31:07
332,Norman Wells,65.282,-126.8329,-21.96,69,20,4.61,CA,few clouds,2022-02-12 07:31:07
333,Makakilo City,21.3469,-158.0858,72.68,68,0,0.0,US,clear sky,2022-02-12 07:31:08
334,Tikaitnagar,26.95,81.5833,70.03,35,0,9.19,IN,clear sky,2022-02-12 07:31:09
335,Namibe,-15.1961,12.1522,77.63,78,75,0.0,AO,broken clouds,2022-02-12 07:31:09
336,Kefamenanu,-9.4467,124.4781,81.16,79,87,4.29,ID,overcast clouds,2022-02-12 07:31:10
337,Ondangwa,-17.9167,15.95,74.66,68,26,9.22,NA,scattered clouds,2022-02-12 07:31:10
338,Deputatskiy,69.3,139.9,-14.51,91,100,6.13,RU,overcast clouds,2022-02-12 07:31:10
339,Ta Khmau,11.4833,104.95,91.45,52,40,4.61,KH,scattered clouds,2022-02-12 07:31:11
340,Caravelas,-17.7125,-39.2481,73.04,92,96,2.53,BR,overcast clouds,2022-02-12 07:31:11
341,Sekoma,-24.4,23.8833,81.34,26,0,14.7,BW,clear sky,2022-02-12 07:31:12
342,Maputo,-25.9653,32.5892,85.23,69,3,3.0,MZ,clear sky,2022-02-12 07:31:12
343,Asyut,27.181,31.1837,53.78,42,0,0.87,EG,clear sky,2022-02-12 07:31:13
344,Changying,52.8733,123.3213,-3.17,90,100,5.46,CN,overcast clouds,2022-02-12 07:31:13
345,Vila,42.0304,-8.1588,40.33,93,34,1.74,PT,scattered clouds,2022-02-12 07:31:14
346,Carahue,-38.7,-73.1667,59.2,64,1,2.3,CL,clear sky,2022-02-12 07:31:14
347,Joshimath,30.5667,79.5667,57.54,30,0,6.46,IN,clear sky,2022-02-12 07:31:15
348,Zhanaozen,43.3,52.8,41.38,62,100,10.98,KZ,overcast clouds,2022-02-12 07:31:15
349,Port Moresby,-9.4431,147.1797,85.42,66,40,13.8,PG,haze,2022-02-12 07:31:16
350,Saint-Augustin,51.226,-58.6502,-4.22,94,100,4.25,CA,overcast clouds,2022-02-12 07:31:16
351,Sechura,-5.5569,-80.8222,72.28,76,100,8.08,PE,overcast clouds,2022-02-12 07:31:16
352,Shimoda,34.6667,138.95,48.56,65,86,5.48,JP,overcast clouds,2022-02-12 07:31:17
353,Ahipara,-35.1667,173.1667,76.71,87,100,26.78,NZ,overcast clouds,2022-02-12 07:31:18
354,Cayenne,4.9333,-52.3333,76.08,91,75,11.01,GF,moderate rain,2022-02-12 07:30:05
355,Puri,19.8,85.85,81.12,31,39,5.93,IN,scattered clouds,2022-02-12 07:31:18
356,Atambua,-9.1061,124.8925,79.99,80,88,2.28,ID,light rain,2022-02-12 07:31:19
357,Shieli,44.1667,66.75,34.57,65,100,7.83,KZ,overcast clouds,2022-02-12 07:31:19
358,Luwuk,-0.9516,122.7875,79.75,86,100,1.34,ID,overcast clouds,2022-02-12 07:31:20
359,Omsukchan,62.5333,155.8,-28.71,87,79,3.98,RU,broken clouds,2022-02-12 07:31:20
360,Xichang,27.8964,102.2634,61.0,34,72,11.5,CN,broken clouds,2022-02-12 07:31:21
361,Ziro,27.6333,93.8333,48.94,45,36,4.0,IN,scattered clouds,2022-02-12 07:31:21
362,Broken Hill,-31.95,141.4333,87.51,16,0,9.22,AU,clear sky,2022-02-12 07:31:22
363,Belomorsk,64.5232,34.7668,19.58,88,99,10.83,RU,overcast clouds,2022-02-12 07:31:22
364,Pisco,-13.7,-76.2167,68.05,77,100,9.22,PE,overcast clouds,2022-02-12 07:31:23
365,Vanavara,60.34,102.2797,-0.08,88,99,0.87,RU,overcast clouds,2022-02-12 07:31:23
366,Bandarbeyla,9.4942,50.8122,79.09,52,88,15.05,SO,overcast clouds,2022-02-12 07:32:24
367,Linqiong,30.4159,103.4609,51.62,58,99,2.62,CN,overcast clouds,2022-02-12 07:32:24
368,El Nispero,14.7667,-88.3333,64.62,96,84,0.07,HN,broken clouds,2022-02-12 07:32:25
369,Suifenhe,44.4,131.1667,9.41,76,43,11.79,CN,scattered clouds,2022-02-12 07:32:25
370,Union,40.6334,-74.2663,55.94,47,0,9.22,US,clear sky,2022-02-12 07:32:25
371,Kavieng,-2.5744,150.7967,81.45,77,99,7.56,PG,light rain,2022-02-12 07:32:26
372,Knokke-Heist,51.3333,3.3333,36.01,84,18,12.82,BE,few clouds,2022-02-12 07:32:26
373,Verkhnevilyuysk,63.4453,120.3167,-9.54,98,100,1.92,RU,overcast clouds,2022-02-12 07:32:26
374,Zlynka,52.4267,31.7378,31.78,92,98,10.89,RU,overcast clouds,2022-02-12 07:32:27
375,Palana,59.1167,159.9667,-9.36,98,39,5.01,RU,scattered clouds,2022-02-12 07:32:27
376,Murray,40.6669,-111.888,42.75,68,0,9.22,US,clear sky,2022-02-12 07:32:28
377,Mayo,38.8876,-76.5119,57.15,45,0,13.8,US,clear sky,2022-02-12 07:32:29
378,Dawlatabad,36.4141,64.9053,49.91,59,100,6.91,AF,moderate rain,2022-02-12 07:32:29
379,Zhigansk,66.7697,123.3711,-26.0,98,99,6.22,RU,overcast clouds,2022-02-12 07:32:29
380,Durban,-29.8579,31.0292,83.32,83,14,4.0,ZA,few clouds,2022-02-12 07:28:51
381,Malanje,-9.5402,16.341,71.11,61,100,1.21,AO,overcast clouds,2022-02-12 07:32:30
382,Sinnamary,5.3833,-52.95,76.23,86,99,11.74,GF,overcast clouds,2022-02-12 07:32:30
383,Bonavista,48.6499,-53.1147,32.11,70,26,14.34,CA,scattered clouds,2022-02-12 07:32:31
384,Necochea,-38.5473,-58.7368,54.03,61,0,8.52,AR,clear sky,2022-02-12 07:30:04
385,Carballo,43.213,-8.691,46.9,89,92,1.77,ES,overcast clouds,2022-02-12 07:28:06
386,Kuryk,43.2,51.65,45.79,64,97,12.1,KZ,overcast clouds,2022-02-12 07:32:32
387,Platnirovskaya,45.3953,39.3842,49.91,70,77,15.12,RU,broken clouds,2022-02-12 07:32:32
388,Hofn,64.2539,-15.2082,21.94,71,100,24.2,IS,light snow,2022-02-12 07:32:33
389,Koumac,-20.5667,164.2833,80.47,80,100,3.33,NC,overcast clouds,2022-02-12 07:32:33
390,Olinda,-8.0089,-34.8553,80.33,83,75,3.44,BR,broken clouds,2022-02-12 07:32:34
391,Ilulissat,69.2167,-51.1,26.62,68,100,5.75,GL,overcast clouds,2022-02-12 07:32:34
392,Monte Carmelo,-18.7247,-47.4986,66.22,97,100,1.28,BR,overcast clouds,2022-02-12 07:32:35
393,El Prat De Llobregat,41.3278,2.0947,54.73,85,75,3.44,ES,broken clouds,2022-02-12 07:32:35
394,Fort Nelson,58.8053,-122.7002,9.99,85,100,4.61,CA,light snow,2022-02-12 07:30:41
395,Bogorodskoye,56.55,37.8833,30.09,90,89,11.88,RU,overcast clouds,2022-02-12 07:32:36
396,Skjervoy,70.0311,20.9714,28.42,65,86,11.95,NO,light snow,2022-02-12 07:32:36
397,Scarborough,54.2797,-0.4044,42.84,82,100,11.99,GB,overcast clouds,2022-02-12 07:31:50
398,Leiyang,26.4024,112.8591,44.58,85,100,5.55,CN,overcast clouds,2022-02-12 07:32:37
399,Newala,-10.9431,39.2787,72.88,83,100,4.0,TZ,light rain,2022-02-12 07:32:37
400,Inhambane,-23.865,35.3833,85.98,62,40,6.91,MZ,scattered clouds,2022-02-12 07:32:38
401,Vila Franca Do Campo,37.7167,-25.4333,59.2,81,83,6.13,PT,broken clouds,2022-02-12 07:32:38
402,Geraldton,-28.7667,114.6,81.01,57,87,24.16,AU,overcast clouds,2022-02-12 07:32:38
403,Meulaboh,4.1363,96.1285,86.67,58,100,3.87,ID,overcast clouds,2022-02-12 07:32:39
404,Port Lincoln,-34.7333,135.8667,73.53,49,0,8.97,AU,clear sky,2022-02-12 07:32:40
405,Tabuk,17.4189,121.4443,80.42,69,59,7.07,PH,broken clouds,2022-02-12 07:32:40
406,Dingle,10.9995,122.6711,80.89,80,100,11.7,PH,overcast clouds,2022-02-12 07:32:40
407,Karasjok,69.4719,25.5112,8.71,98,62,2.66,NO,broken clouds,2022-02-12 07:32:41
408,Goderich,43.7501,-81.7165,33.03,93,100,17.27,CA,overcast clouds,2022-02-12 07:32:41
409,Caruray,10.3094,119.0128,81.54,83,85,9.53,PH,overcast clouds,2022-02-12 07:32:42
410,Escarcega,18.6089,-90.7454,68.67,95,0,5.5,MX,clear sky,2022-02-12 07:32:42
411,Takoradi,4.8845,-1.7554,81.32,78,96,9.04,GH,overcast clouds,2022-02-12 07:32:42
412,Abdulino,53.7,53.6667,27.39,94,100,2.48,RU,light snow,2022-02-12 07:32:43
413,Zhangye,38.9342,100.4517,40.57,15,42,16.91,CN,scattered clouds,2022-02-12 07:32:44
414,Ancud,-41.8697,-73.8203,54.93,83,91,5.06,CL,overcast clouds,2022-02-12 07:32:44
415,Znamenskoye,57.1281,73.8282,4.33,84,12,10.11,RU,few clouds,2022-02-12 07:33:45
416,Siyana,28.6277,78.0599,70.23,32,0,11.39,IN,clear sky,2022-02-12 07:33:45
417,Beyneu,45.3167,55.2,40.84,60,32,16.89,KZ,scattered clouds,2022-02-12 07:33:46
418,Sembakung,3.8167,117.25,84.13,79,92,2.86,ID,overcast clouds,2022-02-12 07:33:46
419,Mahon,39.8885,4.2658,45.16,81,0,8.05,ES,clear sky,2022-02-12 07:33:46
420,Road Town,18.4167,-64.6167,73.99,69,16,22.68,VG,few clouds,2022-02-12 07:33:47
421,Goulburn,-34.75,149.7167,72.16,74,63,12.19,AU,broken clouds,2022-02-12 07:30:12
422,Nouadhibou,20.931,-17.0347,67.21,53,91,10.42,MR,overcast clouds,2022-02-12 07:33:47
423,Chik,54.9928,82.4311,4.75,71,24,4.47,RU,mist,2022-02-12 07:33:48
424,Evensk,61.95,159.2333,-11.63,75,31,6.78,RU,scattered clouds,2022-02-12 07:33:48
425,Abilene,32.4487,-99.7331,48.69,47,0,13.8,US,clear sky,2022-02-12 07:29:11
426,Byron Bay,-28.65,153.6167,79.05,67,45,19.73,AU,scattered clouds,2022-02-12 07:33:49
427,Port Elizabeth,-33.918,25.5701,73.69,64,0,5.75,ZA,clear sky,2022-02-12 07:33:21
428,Ghanzi,-21.5667,21.7833,80.6,46,6,10.94,BW,clear sky,2022-02-12 07:33:50
429,Channel-Port Aux Basques,47.5702,-59.1367,31.77,86,100,11.83,CA,overcast clouds,2022-02-12 07:32:19
430,Gat,31.61,34.7642,60.91,29,0,1.59,IL,clear sky,2022-02-12 07:30:01
431,Arinos,-15.9169,-46.1056,68.49,98,100,1.23,BR,light rain,2022-02-12 07:33:51
432,Gilbues,-9.8317,-45.3439,68.95,93,6,2.17,BR,light rain,2022-02-12 07:33:51
433,Sorong,-0.8833,131.25,82.35,75,62,9.66,ID,broken clouds,2022-02-12 07:33:52
434,Dakar,14.6937,-17.4441,72.48,52,34,13.8,SN,dust,2022-02-12 07:33:53
435,Salalah,17.0151,54.0924,78.89,47,20,9.22,OM,few clouds,2022-02-12 07:33:53
436,Ban Phai,16.06,102.731,91.02,32,65,4.88,TH,broken clouds,2022-02-12 07:33:53
437,Sadovoye,47.7764,44.5089,37.71,97,100,7.16,RU,overcast clouds,2022-02-12 07:33:54
438,Bowen,-20.0167,148.2333,84.42,66,55,16.87,AU,broken clouds,2022-02-12 07:33:54
439,Savannah Bight,16.45,-85.85,75.0,78,11,13.13,HN,few clouds,2022-02-12 07:33:55
440,Nuevitas,21.5453,-77.2644,74.64,81,0,5.79,CU,clear sky,2022-02-12 07:33:55
441,Bontang,0.1333,117.5,82.4,77,87,6.38,ID,light rain,2022-02-12 07:33:55
442,Krasnogvardeyets,52.6804,52.3635,29.97,92,100,12.64,RU,overcast clouds,2022-02-12 07:33:56
443,Saurimo,-9.6608,20.3916,75.96,69,55,3.02,AO,broken clouds,2022-02-12 07:33:56
444,Baranain,42.8057,-1.6773,42.66,96,0,1.99,ES,clear sky,2022-02-12 07:33:57
445,Lardos,36.0942,28.0157,57.02,58,64,6.11,GR,broken clouds,2022-02-12 07:33:57
446,Belyy Yar,53.6039,91.3903,-9.51,70,77,4.47,RU,smoke,2022-02-12 07:33:57
447,Domoni,-12.2569,44.5319,84.72,68,100,2.82,KM,light rain,2022-02-12 07:33:58
448,Pevek,69.7008,170.3133,-31.23,100,84,6.22,RU,broken clouds,2022-02-12 07:33:59
449,Tiarei,-17.5333,-149.3333,77.02,74,100,13.11,PF,overcast clouds,2022-02-12 07:33:59
450,Safotu,-13.4513,-172.4018,76.91,79,100,13.78,WS,light rain,2022-02-12 07:34:00
451,Puerto Escondido,15.85,-97.0667,74.93,73,15,6.17,MX,few clouds,2022-02-12 07:32:00
452,Faya,18.3851,42.4509,66.31,56,33,5.79,SA,scattered clouds,2022-02-12 07:34:00
453,Sao Joao Da Barra,-21.6403,-41.0511,72.01,91,100,5.97,BR,moderate rain,2022-02-12 07:34:01
454,Okhotsk,59.3833,143.3,-7.64,89,21,5.39,RU,few clouds,2022-02-12 07:34:01
455,Booue,-0.0921,11.9385,81.68,75,47,2.06,GA,scattered clouds,2022-02-12 07:34:02
456,Indramayu,-6.3264,108.32,83.05,76,100,15.9,ID,light rain,2022-02-12 07:34:02
457,Itainopolis,-7.4469,-41.4783,71.1,95,72,2.8,BR,broken clouds,2022-02-12 07:34:02
458,Mirante Do Paranapanema,-22.2919,-51.9064,69.73,88,3,9.26,BR,clear sky,2022-02-12 07:34:03
459,Manali,13.1667,80.2667,87.89,70,6,14.79,IN,clear sky,2022-02-12 07:34:03
460,Hamadan,34.7992,48.5146,38.35,100,100,9.22,IR,overcast clouds,2022-02-12 07:34:04
461,Obigarm,38.7173,69.7088,40.28,97,100,3.78,TJ,overcast clouds,2022-02-12 07:35:04
462,Devitsa,51.6352,38.945,28.89,89,100,5.73,RU,light snow,2022-02-12 07:35:05
463,Marseille,43.3333,5.5,40.51,89,7,6.06,FR,clear sky,2022-02-12 07:35:05
464,Tateyama,34.9833,139.8667,50.14,52,78,4.29,JP,broken clouds,2022-02-12 07:35:05
465,Aquiraz,-3.9014,-38.3911,81.18,86,96,5.95,BR,overcast clouds,2022-02-12 07:35:06
466,Grafton,42.207,-71.6856,48.92,66,0,18.41,US,clear sky,2022-02-12 07:35:06
467,Edendale,-29.6528,30.3147,72.63,60,16,3.58,ZA,few clouds,2022-02-12 07:35:07
468,Praya,14.9215,-23.5087,73.94,60,97,23.02,CV,haze,2022-02-12 07:35:07
469,Iroquois Falls,48.7669,-80.6831,-14.66,90,100,11.9,CA,overcast clouds,2022-02-12 07:35:07
470,Ladario,-19.0047,-57.6017,74.01,87,100,2.15,BR,overcast clouds,2022-02-12 07:35:08
471,Palauig,15.435,119.9045,83.23,63,100,7.63,PH,overcast clouds,2022-02-12 07:35:08
472,Constitucion,-35.3333,-72.4167,60.28,48,0,3.47,CL,clear sky,2022-02-12 07:35:09
473,Point Pedro,9.8167,80.2333,77.5,87,98,14.38,LK,overcast clouds,2022-02-12 07:35:09
474,Panguna,-6.3164,155.4848,69.85,91,100,1.23,PG,light rain,2022-02-12 07:35:10
475,Vega De Alatorre,20.0333,-96.6333,66.99,88,52,2.35,MX,broken clouds,2022-02-12 07:35:10
476,Yershov,51.3513,48.2766,26.37,93,9,10.71,RU,clear sky,2022-02-12 07:35:11
477,Talakan,50.3167,130.3667,9.43,93,100,7.7,RU,overcast clouds,2022-02-12 07:35:11
478,Horsham,51.064,-0.3272,43.65,79,75,8.05,GB,broken clouds,2022-02-12 07:35:12
479,Lucea,18.451,-78.1736,73.26,80,2,3.27,JM,clear sky,2022-02-12 07:35:12
480,Comodoro Rivadavia,-45.8667,-67.5,66.06,30,0,6.91,AR,clear sky,2022-02-12 07:35:12
481,Biak,-0.9131,122.8766,77.14,85,100,3.67,ID,overcast clouds,2022-02-12 07:35:13
482,Oskarshamn,57.2645,16.4484,33.98,76,26,15.03,SE,scattered clouds,2022-02-12 07:35:13
483,Suoyarvi,62.0833,32.35,13.28,94,57,7.72,RU,broken clouds,2022-02-12 07:35:14
484,Bathsheba,13.2167,-59.5167,77.61,69,75,16.11,BB,broken clouds,2022-02-12 07:35:14
485,Bristol,41.8334,-71.1662,49.78,81,0,9.22,US,clear sky,2022-02-12 07:35:01
486,Kirando,-7.4167,30.6,70.5,88,100,5.17,TZ,light rain,2022-02-12 07:35:15
487,Mekhe,15.1097,-16.6218,72.16,15,47,12.77,SN,scattered clouds,2022-02-12 07:35:15
488,Vachi,42.072,47.2151,40.5,25,0,2.42,RU,clear sky,2022-02-12 07:35:15
489,Camp Verde,34.5636,-111.8543,57.63,25,0,6.73,US,clear sky,2022-02-12 07:35:16
490,Xinzhi,36.4989,111.7047,44.31,45,100,3.69,CN,overcast clouds,2022-02-12 07:35:16
491,Diamond Harbour,22.1917,88.1847,75.18,24,6,9.13,IN,clear sky,2022-02-12 07:35:17
492,Talaya,61.3833,152.75,-33.34,98,86,1.45,RU,overcast clouds,2022-02-12 07:35:17
493,Guarapuava,-25.3953,-51.4581,55.78,99,12,3.0,BR,few clouds,2022-02-12 07:35:17
494,Marawi,7.9986,124.2928,73.65,79,98,5.68,PH,overcast clouds,2022-02-12 07:35:18
495,Kavaratti,10.5669,72.642,80.74,72,10,7.94,IN,clear sky,2022-02-12 07:35:18
496,Uwajima,33.2238,132.56,53.56,67,19,2.48,JP,few clouds,2022-02-12 07:35:19
497,Athabasca,54.7169,-113.2854,17.29,91,100,3.33,CA,overcast clouds,2022-02-12 07:35:19
498,Destin,30.3935,-86.4958,54.97,90,0,0.0,US,clear sky,2022-02-12 07:32:53
499,Ondjiva,-17.0667,15.7333,71.64,88,0,6.91,AO,clear sky,2022-02-12 07:35:20
500,Tarauaca,-8.1614,-70.7656,72.25,96,95,2.13,BR,overcast clouds,2022-02-12 07:35:20
501,Haines Junction,60.7522,-137.5108,19.35,86,100,2.3,CA,overcast clouds,2022-02-12 07:35:21
502,Myrtle Beach,33.6891,-78.8867,53.64,60,0,4.61,US,clear sky,2022-02-12 07:31:45
503,West Lafayette,40.4259,-86.9081,29.21,81,100,19.57,US,overcast clouds,2022-02-12 07:35:21
504,Samarai,-10.6167,150.6667,82.31,64,58,14.2,PG,broken clouds,2022-02-12 07:35:22
505,Aba,5.1066,7.3667,74.82,66,45,3.96,NG,scattered clouds,2022-02-12 07:30:51
506,Chadiza,-14.0678,32.4392,68.65,79,100,2.57,ZM,overcast clouds,2022-02-12 07:35:23
507,Bardiyah,31.7561,25.0865,54.91,64,0,7.83,LY,clear sky,2022-02-12 07:35:24
508,Praia Da Vitoria,38.7333,-27.0667,53.85,87,20,7.05,PT,few clouds,2022-02-12 07:36:24
509,Hambantota,6.1241,81.1185,89.94,66,40,8.05,LK,scattered clouds,2022-02-12 07:36:25
510,Sisimiut,66.9395,-53.6735,25.29,77,100,13.13,GL,overcast clouds,2022-02-12 07:36:25
511,Beloha,-25.1667,45.05,89.06,50,4,13.51,MG,clear sky,2022-02-12 07:36:25
512,Nicoya,10.1483,-85.452,71.73,87,14,2.51,CR,few clouds,2022-02-12 07:36:18
513,Prince George,53.9166,-122.753,34.29,58,0,5.75,CA,clear sky,2022-02-12 07:35:26
514,Sahuaripa,29.05,-109.2333,56.25,26,0,5.3,MX,clear sky,2022-02-12 07:36:26
515,Miraflores,19.2167,-98.8083,54.25,61,18,3.94,MX,few clouds,2022-02-12 07:36:27
516,Northam,51.0333,-4.2167,46.42,77,100,21.32,GB,overcast clouds,2022-02-12 07:36:27
517,Salekhard,66.53,66.6019,-9.76,95,100,5.66,RU,overcast clouds,2022-02-12 07:36:27
518,Nortelandia,-14.4547,-56.8028,70.95,98,100,2.86,BR,overcast clouds,2022-02-12 07:36:28
519,Shaowu,27.3409,117.4831,53.01,89,97,3.09,CN,overcast clouds,2022-02-12 07:36:28
520,Manado,1.487,124.8455,79.57,89,75,1.14,ID,broken clouds,2022-02-12 07:36:29
521,Chato,-2.6378,31.7669,77.02,58,100,5.3,TZ,overcast clouds,2022-02-12 07:36:29
522,Kropotkin,45.4375,40.5756,41.59,73,87,8.3,RU,overcast clouds,2022-02-12 07:36:29
523,Ambilobe,-13.2,49.05,84.85,71,6,3.31,MG,light rain,2022-02-12 07:36:30
524,Ratnagiri,16.9833,73.3,89.24,36,59,8.01,IN,broken clouds,2022-02-12 07:36:30
525,Nurota,40.5614,65.6886,42.89,58,11,7.09,UZ,few clouds,2022-02-12 07:36:31
526,Warrington,53.3925,-2.5802,45.99,77,40,13.8,GB,scattered clouds,2022-02-12 07:36:31
527,Araouane,18.9048,-3.5265,57.58,26,26,10.6,ML,scattered clouds,2022-02-12 07:36:32
528,Ratzeburg,53.7,10.7667,32.32,84,0,4.61,DE,clear sky,2022-02-12 07:36:32
529,Youkounkoun,12.5333,-13.1333,69.64,16,0,6.93,GN,clear sky,2022-02-12 07:36:32
530,Nenjiang,49.1833,125.2167,5.27,88,100,4.05,CN,overcast clouds,2022-02-12 07:36:33
531,Jiaxing,30.7522,120.75,44.62,92,100,5.06,CN,overcast clouds,2022-02-12 07:36:33
532,Kelowna,49.8831,-119.4857,33.15,73,0,0.0,CA,clear sky,2022-02-12 07:36:34
533,Chingirlau,51.095,54.0814,32.85,99,100,20.54,KZ,light snow,2022-02-12 07:36:34
534,Obo,5.3998,26.4869,86.86,15,99,10.18,CF,overcast clouds,2022-02-12 07:36:35
535,Solikamsk,59.6196,56.7729,14.09,91,100,5.93,RU,overcast clouds,2022-02-12 07:36:35
536,Robertson,36.5167,-86.8667,50.05,86,100,3.44,US,overcast clouds,2022-02-12 07:36:36
537,Santa Maria,-29.6842,-53.8069,72.28,63,98,4.05,BR,overcast clouds,2022-02-12 07:36:36
538,Mae Hong Son,19.3003,97.9685,87.94,30,0,4.61,TH,clear sky,2022-02-12 07:36:36
539,Narsaq,60.9167,-46.05,34.02,91,100,11.21,GL,light snow,2022-02-12 07:36:37
540,Guapi,2.5708,-77.8854,73.17,96,93,3.91,CO,overcast clouds,2022-02-12 07:36:37
541,Rovaniemi,66.5,25.7167,2.61,85,0,5.75,FI,clear sky,2022-02-12 07:36:38
542,Andapa,-14.65,49.65,85.44,47,9,3.65,MG,clear sky,2022-02-12 07:36:38
543,Linhares,-19.3911,-40.0722,70.81,97,100,3.42,BR,overcast clouds,2022-02-12 07:36:38
544,Sandwick,60.0,-1.25,44.42,81,40,24.16,GB,scattered clouds,2022-02-12 07:36:39
545,Owando,-0.4819,15.8999,89.1,49,84,3.13,CG,broken clouds,2022-02-12 07:36:39
546,Talmenka,53.8183,83.5677,2.64,88,92,6.55,RU,overcast clouds,2022-02-12 07:36:40
547,Egvekinot,66.3167,-179.1667,-20.56,88,13,8.16,RU,few clouds,2022-02-12 07:36:41
548,Cruz Grande,16.7333,-99.1333,73.78,64,100,3.6,MX,overcast clouds,2022-02-12 07:36:41
549,Tabuny,52.7773,78.7896,6.67,91,8,12.68,RU,clear sky,2022-02-12 07:36:42
550,Baherden,38.4362,57.4316,49.46,58,40,6.2,TM,scattered clouds,2022-02-12 07:36:42
551,Cockburn Town,21.4612,-71.1419,77.25,82,0,22.32,TC,clear sky,2022-02-12 07:36:43
552,Taraclia,45.9,28.6689,41.4,65,94,20.96,MD,light rain,2022-02-12 07:32:25
553,Hailey,43.5196,-114.3153,22.86,80,0,9.22,US,clear sky,2022-02-12 07:36:44
554,Boden,65.8252,21.6886,8.6,97,98,3.67,SE,overcast clouds,2022-02-12 07:37:44
555,At-Bashi,41.1702,75.8106,22.96,77,60,2.15,KG,broken clouds,2022-02-12 07:37:45
556,Schermbeck,51.6833,6.8667,34.11,88,99,6.82,DE,overcast clouds,2022-02-12 07:37:45
557,Rawson,-43.3002,-65.1023,60.21,48,32,13.4,AR,scattered clouds,2022-02-12 07:37:46
558,Ibotirama,-12.1853,-43.2206,69.03,92,83,1.52,BR,broken clouds,2022-02-12 07:37:46
559,Raudeberg,61.9875,5.1352,39.2,95,100,21.59,NO,light rain,2022-02-12 07:37:46
560,Livanatai,38.7167,23.05,49.64,67,93,1.7,GR,overcast clouds,2022-02-12 07:37:47
561,Riberalta,-10.9833,-66.1,73.17,93,100,2.42,BO,overcast clouds,2022-02-12 07:37:47
562,Numan,9.4667,12.0333,75.45,16,61,6.51,NG,broken clouds,2022-02-12 07:37:48
563,Turochak,52.2576,87.1224,17.19,70,1,3.11,RU,clear sky,2022-02-12 07:37:48
564,Esperance,-33.8667,121.9,71.44,75,76,15.77,AU,broken clouds,2022-02-12 07:37:49
565,Tual,-5.6667,132.75,83.57,67,50,3.06,ID,scattered clouds,2022-02-12 07:37:49
566,Amboise,47.4125,0.9827,39.27,77,0,8.05,FR,clear sky,2022-02-12 07:37:49
567,Fairbanks,64.8378,-147.7164,0.99,79,0,0.0,US,clear sky,2022-02-12 07:37:50
568,Nerang,-27.9833,153.3333,77.85,71,9,5.99,AU,clear sky,2022-02-12 07:37:50
569,Pekalongan,-6.8886,109.6753,82.4,76,100,8.34,ID,overcast clouds,2022-02-12 07:37:51
570,Sabang,5.8933,95.3214,81.84,74,63,15.17,ID,broken clouds,2022-02-12 07:37:51
571,Pascagoula,30.3658,-88.5561,48.24,93,100,0.0,US,fog,2022-02-12 07:37:51
572,Olimpia,-20.7372,-48.9147,70.02,96,21,6.51,BR,few clouds,2022-02-12 07:37:52
573,Harare,-17.8294,31.0539,72.18,60,46,4.74,ZW,scattered clouds,2022-02-12 07:37:52
574,Itarema,-2.9248,-39.9167,76.44,86,79,8.01,BR,broken clouds,2022-02-12 07:37:53
575,Urengoy,65.9667,78.3667,-3.33,85,3,10.85,RU,clear sky,2022-02-12 07:37:53
576,Behbahan,30.5959,50.2417,55.36,81,100,12.08,IR,overcast clouds,2022-02-12 07:37:53
577,Ormara,25.2088,64.6357,72.36,51,0,11.65,PK,clear sky,2022-02-12 07:37:54
578,Camopi,3.1655,-52.3158,70.45,100,99,1.59,GF,overcast clouds,2022-02-12 07:37:54
579,Nizwa,22.9333,57.5333,75.36,29,0,5.99,OM,clear sky,2022-02-12 07:37:55
580,Manbij,36.5281,37.9549,52.57,44,0,4.36,SY,clear sky,2022-02-12 07:37:55
581,Paita,-5.0892,-81.1144,71.89,80,100,7.9,PE,overcast clouds,2022-02-12 07:37:55
582,Jabinyanah,35.035,10.9081,48.0,69,100,8.28,TN,overcast clouds,2022-02-12 07:37:55
583,Dublin,37.7021,-121.9358,63.03,69,0,6.91,US,clear sky,2022-02-12 07:35:51
584,Port Hawkesbury,45.6169,-61.3485,40.17,91,20,8.05,CA,few clouds,2022-02-12 07:37:56
585,Guiratinga,-16.3494,-53.7583,68.04,96,94,1.9,BR,overcast clouds,2022-02-12 07:37:56
586,Tuburan,6.6439,122.2736,80.69,72,100,1.63,PH,overcast clouds,2022-02-12 07:37:57
587,Taoudenni,22.6783,-3.9836,58.23,28,42,10.07,ML,scattered clouds,2022-02-12 07:37:57
588,Havre-Saint-Pierre,50.2334,-63.5986,27.19,86,100,16.11,CA,overcast clouds,2022-02-12 07:37:57
589,Athenry,53.2964,-8.7431,48.24,87,100,16.98,IE,overcast clouds,2022-02-12 07:37:58
590,Grand Gaube,-20.0064,57.6608,85.37,68,100,10.0,MU,overcast clouds,2022-02-12 07:37:58
591,Kannad,20.2667,75.1333,79.93,20,10,3.69,IN,clear sky,2022-02-12 07:37:58
592,Pokhara,28.2333,83.9833,65.43,40,0,6.67,NP,clear sky,2022-02-12 07:37:59
593,West Wendover,40.7391,-114.0733,36.25,75,2,1.97,US,clear sky,2022-02-12 07:37:59
594,Vredendal,-31.6683,18.5012,82.22,43,83,6.87,ZA,broken clouds,2022-02-12 07:37:59
595,Gushikawa,26.3544,127.8686,70.83,88,75,11.5,JP,broken clouds,2022-02-12 07:38:00
596,Raychikhinsk,49.7838,129.4121,7.81,93,100,9.93,RU,overcast clouds,2022-02-12 07:38:00
597,Mahibadhoo,3.7833,72.9667,81.48,70,100,4.59,MV,overcast clouds,2022-02-12 07:38:01
598,Kenai,60.5544,-151.2583,26.69,86,100,13.8,US,light snow,2022-02-12 07:38:01
599,Kon Tum,14.35,108.0,86.09,39,100,9.44,VN,overcast clouds,2022-02-12 07:38:02
600,Labuhan,-6.8844,112.2051,81.07,83,100,9.84,ID,overcast clouds,2022-02-12 07:39:02
601,Alamogordo,32.8995,-105.9603,47.21,53,0,10.36,US,clear sky,2022-02-12 07:34:58
602,Vila Do Maio,15.1333,-23.2167,74.19,71,100,18.45,CV,overcast clouds,2022-02-12 07:39:03
603,Mabaruma,8.2,-59.7833,69.21,98,54,2.39,GY,broken clouds,2022-02-12 07:39:03
604,Zyryanskoye,56.8306,86.6258,9.52,81,6,8.41,RU,clear sky,2022-02-12 07:39:04
605,Tamworth,52.634,-1.6959,42.82,79,100,11.99,GB,overcast clouds,2022-02-12 07:39:04
606,Reserva,-24.6503,-50.8506,55.8,97,1,2.46,BR,clear sky,2022-02-12 07:39:05
607,Brae,60.3964,-1.353,44.51,84,100,22.59,GB,overcast clouds,2022-02-12 07:39:05
608,Sumbe,-11.2061,13.8437,80.37,64,98,3.27,AO,overcast clouds,2022-02-12 07:39:06
609,Nizhniy Kuranakh,58.8353,125.4869,-7.56,94,100,4.68,RU,overcast clouds,2022-02-12 07:39:06
610,Verona,45.4167,11.0333,43.56,75,0,8.05,IT,clear sky,2022-02-12 07:39:07
611,Kloulklubed,7.0419,134.2556,82.9,78,100,20.11,PW,overcast clouds,2022-02-12 07:39:07
612,Mount Isa,-20.7333,139.5,100.17,23,75,5.75,AU,broken clouds,2022-02-12 07:39:08
613,San Rafael,-34.6177,-68.3301,58.57,76,97,8.37,AR,overcast clouds,2022-02-12 07:39:08
614,North Vanlaiphai,23.1333,93.0667,64.29,22,0,5.44,IN,clear sky,2022-02-12 07:39:09
615,Naryan-Mar,67.6713,53.087,12.51,92,100,16.78,RU,overcast clouds,2022-02-12 07:39:09
616,Lagoa,39.05,-27.9833,59.97,82,100,17.65,PT,overcast clouds,2022-02-12 07:39:10
617,Altamirano,16.8833,-92.15,49.75,97,21,3.33,MX,few clouds,2022-02-12 07:39:10
618,Kuytun,54.3419,101.5036,-6.23,90,57,3.15,RU,broken clouds,2022-02-12 07:39:11
619,Tuy Hoa,13.0833,109.3,78.28,78,100,8.84,VN,overcast clouds,2022-02-12 07:39:11
620,Thinadhoo,0.5333,72.9333,81.64,69,88,5.97,MV,overcast clouds,2022-02-12 07:39:12
621,Dunajska Streda,47.9927,17.6121,40.01,82,4,8.86,SK,clear sky,2022-02-12 07:39:12
622,Ulladulla,-35.35,150.4667,70.7,84,85,9.53,AU,overcast clouds,2022-02-12 07:39:12
623,Paamiut,61.994,-49.6678,30.9,87,100,35.03,GL,light snow,2022-02-12 07:39:13
624,Aksarka,66.5606,67.7975,-4.27,90,100,7.81,RU,overcast clouds,2022-02-12 07:39:13
625,Glyadyanskoye,54.9075,65.0883,14.59,91,100,4.21,RU,light snow,2022-02-12 07:39:14
626,Marzuq,14.4,46.4667,78.75,17,60,5.91,YE,broken clouds,2022-02-12 07:39:14
627,Te Anau,-45.4167,167.7167,50.54,68,100,6.51,NZ,overcast clouds,2022-02-12 07:35:03
628,Poso,-1.3959,120.7524,78.69,86,98,2.17,ID,overcast clouds,2022-02-12 07:39:15
629,Parabel,58.6978,81.4825,0.32,89,30,9.26,RU,scattered clouds,2022-02-12 07:39:15
630,Miramar,25.9873,-80.2323,70.02,92,75,6.91,US,broken clouds,2022-02-12 07:34:46
631,Rantepao,-2.9701,119.8978,72.07,95,100,1.12,ID,overcast clouds,2022-02-12 07:39:16
632,Astoria,46.1879,-123.8313,49.86,83,0,10.0,US,clear sky,2022-02-12 07:39:17
633,Lufilufi,-13.8745,-171.5986,76.78,79,100,13.56,WS,overcast clouds,2022-02-12 07:39:17
634,Harper,4.375,-7.7169,79.39,85,34,5.61,LR,scattered clouds,2022-02-12 07:39:17
635,Puerto Leguizamo,-0.1934,-74.7819,71.42,94,100,1.77,CO,overcast clouds,2022-02-12 07:39:18
636,Kapit,2.0167,112.9333,83.95,67,82,0.85,MY,broken clouds,2022-02-12 07:39:18
637,Fomboni,-12.28,43.7425,81.48,73,100,9.24,KM,overcast clouds,2022-02-12 07:39:19
638,Erenhot,43.6475,111.9767,9.64,68,13,5.59,CN,few clouds,2022-02-12 07:39:19
639,Rusape,-18.5278,32.1284,73.63,48,8,7.63,ZW,clear sky,2022-02-12 07:39:20
640,Saldanha,-33.0117,17.9442,69.85,77,100,7.99,ZA,overcast clouds,2022-02-12 07:39:20
641,Voskresensk,55.3125,38.6636,32.58,91,100,9.06,RU,overcast clouds,2022-02-12 07:35:10
642,Corn Island,12.1694,-83.0418,80.11,75,69,15.3,NI,broken clouds,2022-02-12 07:39:21
643,Tingi,-11.3,35.0333,68.14,87,100,2.42,TZ,light rain,2022-02-12 07:39:21
644,Sheridan,44.8333,-106.9173,21.38,45,0,8.05,US,clear sky,2022-02-12 07:39:22
645,Cap-Aux-Meules,47.3821,-61.8597,33.82,86,100,14.97,CA,overcast clouds,2022-02-12 07:40:22
646,Cururupu,-1.8283,-44.8683,74.39,95,99,2.98,BR,overcast clouds,2022-02-12 07:40:23
647,Dhidhdhoo,6.8833,73.1,81.18,71,42,3.13,MV,scattered clouds,2022-02-12 07:40:23
648,Qui Nhon,13.7667,109.2333,78.51,76,100,9.82,VN,overcast clouds,2022-02-12 07:40:24
649,Ambulu,-8.345,113.6058,80.11,82,96,2.28,ID,overcast clouds,2022-02-12 07:40:24
650,Lashio,22.9333,97.75,78.1,22,3,4.61,MM,clear sky,2022-02-12 07:40:25
651,Umm Bab,25.2142,50.8072,73.08,64,6,17.11,QA,clear sky,2022-02-12 07:40:25
652,Melfi,40.9965,15.6514,48.4,87,95,3.98,IT,overcast clouds,2022-02-12 07:40:25
653,Fredericton,45.9454,-66.6656,38.25,88,100,11.5,CA,overcast clouds,2022-02-12 07:40:26
654,North Bend,43.4065,-124.2243,53.92,77,0,0.0,US,clear sky,2022-02-12 07:40:26
655,Najran,17.4924,44.1277,77.65,23,3,4.38,SA,clear sky,2022-02-12 07:40:27
656,Port Townsend,48.117,-122.7605,45.68,83,0,4.61,US,clear sky,2022-02-12 07:40:27
657,Poum,-20.2333,164.0167,81.45,76,100,5.93,NC,overcast clouds,2022-02-12 07:40:27
658,Mogadishu,2.0371,45.3438,84.07,65,0,17.27,SO,clear sky,2022-02-12 07:40:28
659,Barcelos,41.5388,-8.6151,51.94,92,72,1.81,PT,broken clouds,2022-02-12 07:40:28
660,Linxia,35.6003,103.2064,30.18,77,100,1.95,CN,overcast clouds,2022-02-12 07:40:29
661,Lengshuitan,26.4111,111.5956,43.88,82,100,4.85,CN,overcast clouds,2022-02-12 07:40:29
662,Iskilip,40.7353,34.4739,29.34,96,71,4.99,TR,broken clouds,2022-02-12 07:40:29
663,Nantucket,41.2835,-70.0995,51.26,81,0,16.11,US,clear sky,2022-02-12 07:37:32
664,Seoul,37.5683,126.9778,52.99,19,0,10.36,KR,clear sky,2022-02-12 07:40:12
665,Pangkalanbuun,-2.6833,111.6167,78.26,84,100,3.29,ID,overcast clouds,2022-02-12 07:40:30
666,Beringovskiy,63.05,179.3167,-26.21,95,11,8.75,RU,few clouds,2022-02-12 07:40:31
667,Mercedes,-34.6515,-59.4307,56.84,93,100,11.03,AR,overcast clouds,2022-02-12 07:40:31
668,Douentza,14.9951,-2.9517,63.79,19,0,5.7,ML,clear sky,2022-02-12 07:40:32
669,Kushmurun,52.4503,64.6311,16.86,90,29,12.82,KZ,scattered clouds,2022-02-12 07:40:32
670,Taltal,-25.4,-70.4833,65.68,86,14,1.97,CL,few clouds,2022-02-12 07:40:32
671,Okha,53.5739,142.9478,16.93,93,100,6.64,RU,overcast clouds,2022-02-12 07:40:33
672,Vanimo,-2.6741,141.3028,80.53,84,100,7.36,PG,overcast clouds,2022-02-12 07:40:34
673,La Rioja,42.25,-2.5,35.31,74,100,3.2,ES,overcast clouds,2022-02-12 07:35:54
674,Jeremie,18.65,-74.1167,74.1,78,2,2.84,HT,clear sky,2022-02-12 07:40:34
675,Kashan,33.9831,51.4364,49.59,93,100,0.0,IR,overcast clouds,2022-02-12 07:40:35
676,Lensk,60.7253,114.9278,-2.87,95,100,2.01,RU,overcast clouds,2022-02-12 07:40:35
677,Mandalgovi,45.7625,106.2708,2.77,59,100,2.3,MN,overcast clouds,2022-02-12 07:40:36
678,Sambava,-14.2667,50.1667,83.95,61,0,7.99,MG,clear sky,2022-02-12 07:40:36
679,Atbasar,51.8,68.3333,24.35,93,98,11.9,KZ,overcast clouds,2022-02-12 07:40:37
680,Lujan,-34.5703,-59.105,58.98,89,100,7.0,AR,overcast clouds,2022-02-12 07:40:37
681,Lusambo,-4.9667,23.45,81.64,64,100,3.56,CD,overcast clouds,2022-02-12 07:40:38
682,Yilan,24.757,121.753,69.03,86,100,5.61,TW,overcast clouds,2022-02-12 07:40:38
683,Chesterville,44.5512,-70.0862,42.4,77,100,7.43,US,overcast clouds,2022-02-12 07:40:39
684,Bodaybo,57.8506,114.1933,-13.61,92,85,0.43,RU,overcast clouds,2022-02-12 07:40:39
685,Kasongo,-4.45,26.6667,71.62,91,100,4.09,CD,overcast clouds,2022-02-12 07:40:39
686,Grants Pass,42.439,-123.3284,50.49,91,0,0.0,US,clear sky,2022-02-12 07:36:10
687,Yulara,-25.2406,130.9889,96.64,13,0,11.5,AU,clear sky,2022-02-12 07:40:40
688,Gwadar,25.1216,62.3254,72.72,47,0,6.93,PK,clear sky,2022-02-12 07:40:41
689,Yumen,40.2833,97.2,33.64,32,100,25.01,CN,overcast clouds,2022-02-12 07:41:41
690,Omboue,-1.5746,9.2618,81.16,81,56,8.14,GA,light rain,2022-02-12 07:41:42
691,Marabba,12.35,32.1833,78.49,12,0,15.66,SD,clear sky,2022-02-12 07:41:42
692,Bulawayo,-20.15,28.5833,76.51,38,90,9.84,ZW,overcast clouds,2022-02-12 07:41:42
693,Langsa,4.4683,97.9683,89.28,55,98,2.8,ID,overcast clouds,2022-02-12 07:41:43
694,Maniitsoq,65.4167,-52.9,29.77,96,100,24.05,GL,snow,2022-02-12 07:41:43
695,Along,28.1667,94.7667,69.51,45,98,2.62,IN,overcast clouds,2022-02-12 07:41:44
696,Kasongo-Lunda,-6.4667,16.8167,78.01,81,88,0.67,CD,light rain,2022-02-12 07:41:44
697,Muros,42.7762,-9.0603,49.23,86,100,2.84,ES,overcast clouds,2022-02-12 07:41:45
698,Salta,-24.7859,-65.4117,61.39,93,75,4.0,AR,broken clouds,2022-02-12 07:41:46
699,Buin,-33.7333,-70.75,70.74,42,54,1.12,CL,broken clouds,2022-02-12 07:41:46
700,Saint-Denis,48.9167,2.3333,35.11,87,0,9.22,FR,clear sky,2022-02-12 07:41:46
701,Gayeri,12.6497,0.4931,73.67,11,82,10.87,BF,broken clouds,2022-02-12 07:41:47
702,Ketchikan,55.3422,-131.6461,39.18,87,100,6.91,US,light rain,2022-02-12 07:41:47
703,Kuala Terengganu,5.3302,103.1408,82.35,78,40,5.99,MY,scattered clouds,2022-02-12 07:41:48
704,Aguimes,27.9054,-15.4461,63.23,52,20,15.01,ES,few clouds,2022-02-12 07:41:48
705,Arraias,-12.9288,-46.9437,66.29,89,87,1.66,BR,overcast clouds,2022-02-12 07:41:49
706,Male,4.1748,73.5089,85.95,74,75,11.5,MV,broken clouds,2022-02-12 07:41:49
707,Gubkinskiy,64.434,76.5026,-3.41,92,3,12.57,RU,clear sky,2022-02-12 07:41:50
708,Khudumelapye,-23.8833,24.75,81.55,24,0,11.81,BW,clear sky,2022-02-12 07:41:50
709,Mentakab,3.4865,102.3516,88.2,54,100,2.17,MY,overcast clouds,2022-02-12 07:41:51
710,Agadez,19.75,10.25,60.26,24,0,6.29,NE,clear sky,2022-02-12 07:41:51
711,Bismarck,46.8083,-100.7837,10.87,76,100,6.91,US,overcast clouds,2022-02-12 07:41:51
